SampleID,Enzyme,Amplicon,Input,Yield,collectionPathUri,GroupID,AA,AC,AT,AG,CA,CC,CT,CG,TA,TC,TT,TG,GA,GC,GT,GG,Deletion,Insertion
1,Taq,LacZ-1,1.411,4983.0,pacbio_data/00001/Analysis_Results,1,8214920,366,1627,11233,373,10096179,3172,282,1587,11689,7998535,336,3496,259,305,9535387,990,38
2,Taq,LacZ-2,1.723,4453.3,pacbio_data/00002/Analysis_Results,2,3499186,154,665,4617,136,4604165,1368,125,612,4632,3413073,142,1366,135,139,4326769,462,162
3,Taq,DNA-1,1.457,6628.3,pacbio_data/00003/Analysis_Results,3,4762510,174,729,5826,133,4678178,1197,98,702,5441,4672809,158,1210,85,144,4551403,447,14
4,Taq,DNA-2,2.039,7336.7,pacbio_data/00004/Analysis_Results,4,7052095,249,880,8532,165,7068636,1739,102,841,7745,6969145,238,1798,88,169,6866302,561,24
5,Q5,LacZ-2,1.723,4273.0,pacbio_data/00005/Analysis_Results,5,6347531,1,3,8,29,8338690,21,0,1,11,6208245,1,20,0,22,7799286,19,36
6,Q5,LacZ-2,1.723,4273.0,pacbio_data/00006/Analysis_Results,5,6677682,1,1,5,27,8771647,15,1,4,5,6527731,2,16,0,29,8133461,23,21
7,Q5,DNA-1,1.457,4240.0,pacbio_data/00007/Analysis_Results,7,2441265,1,0,4,10,2416812,3,0,0,1,2411676,1,3,0,5,2331273,28,6
8,Q5,DNA-1,1.457,4240.0,pacbio_data/00008/Analysis_Results,7,3678287,0,1,1,15,3641837,4,0,1,3,3625385,0,8,1,10,3484770,12,7
9,Q5,DNA-2,2.039,4990.0,pacbio_data/00009/Analysis_Results,9,4175641,1,0,6,7,4211956,5,0,0,6,4113931,1,10,0,8,4051983,14,21
10,Q5,DNA-2,2.039,4990.0,pacbio_data/00010/Analysis_Results,9,3343998,0,0,3,4,3376558,7,0,1,2,3284979,0,7,0,7,3224134,10,9
11,Phusion,LacZ-2,1.723,2990.8,pacbio_data/00011/Analysis_Results,11,6137513,3,4,68,41,8018444,205,3,4,53,6042152,3,222,10,36,7318037,25,10
12,Phusion,DNA-1,2.868,4369.3,pacbio_data/00012/Analysis_Results,12,11076332,4,12,99,52,10914943,180,3,17,95,11023616,8,185,7,45,10322322,87,28
13,Phusion,DNA-2,3.731,3962.7,pacbio_data/00013/Analysis_Results,13,12040016,8,10,107,196,12063764,206,8,18,97,11859037,10,196,8,201,11444254,77,47
14,Deep Vent,LacZ-2,1.723,2172.0,pacbio_data/00014/Analysis_Results,14,5437415,6,17,83,56,7027449,224,4,15,56,5299105,13,241,3,59,6491543,68,38
15,Deep Vent,DNA-1,2.868,4574.7,pacbio_data/00015/Analysis_Results,15,10700102,5,18,47,50,10499384,116,3,19,40,10542519,14,93,8,41,10208783,86,27
16,Deep Vent,DNA-2,3.731,4429.3,pacbio_data/00016/Analysis_Results,16,10152525,7,21,77,114,10164255,180,9,17,52,9932112,8,171,7,146,9760591,145,52
17,Pfu,LacZ-2,1.723,585.3,pacbio_data/00017/Analysis_Results,17,7022359,7,36,49,72,9161059,221,2,26,41,6885608,12,304,1,77,8284142,53,10
18,Pfu,DNA-1,2.868,1314.0,pacbio_data/00018/Analysis_Results,18,9655882,8,38,65,59,9484657,147,6,28,55,9555559,10,194,4,45,9141610,189,95
19,Pfu,DNA-2,3.731,1612.0,pacbio_data/00019/Analysis_Results,19,2618243,3,10,20,34,2646711,46,1,13,15,2627239,3,69,0,28,2530041,68,12
20,PrimeSTAR GXL,LacZ-2,1.723,4966.7,pacbio_data/00020/Analysis_Results,20,8147965,7,15,169,88,10627088,739,4,9,157,7881459,7,860,4,83,9981242,83,17
21,PrimeSTAR GXL,DNA-1,2.868,6288.3,pacbio_data/00021/Analysis_Results,21,10359723,3,10,150,38,10178160,565,3,2,148,10093968,6,641,7,44,9648142,100,28
22,PrimeSTAR GXL,DNA-2,3.731,7678.3,pacbio_data/00022/Analysis_Results,22,10695730,4,13,194,139,10699894,615,6,11,153,10457671,17,689,4,123,10187537,79,215
23,KOD,LacZ-2,1.723,7176.7,pacbio_data/00023/Analysis_Results,23,8224619,31,56,558,141,10743707,830,14,52,458,8157572,66,836,7,214,10008625,260,145
24,KOD,DNA-1,2.868,10211.7,pacbio_data/00024/Analysis_Results,24,10010162,45,57,526,97,9814785,517,9,57,447,9951995,40,493,13,100,9510728,278,57
25,KOD,DNA-2,3.731,10756.7,pacbio_data/00025/Analysis_Results,25,11336681,37,64,597,201,11331123,650,14,49,542,11218340,35,604,13,205,10917163,242,61
26,Kapa HiFi,LacZ-2,1.723,6476.0,pacbio_data/00026/Analysis_Results,26,5655630,5,26,163,65,7453113,1305,2,23,162,5565366,14,1255,8,66,6866393,82,36
27,Kapa HiFi,DNA-1,1.457,9092.0,pacbio_data/00027/Analysis_Results,27,8420453,18,42,225,103,8311176,1041,7,50,236,8345230,18,1032,2,120,7943862,118,11
28,Kapa HiFi,DNA-2,2.039,11012.0,pacbio_data/00028/Analysis_Results,28,10963478,10,55,295,168,11008932,1449,7,47,233,10767831,30,1396,7,171,10431561,107,35
29,Deep Vent (exo-),LacZ-2,1.723,1248.0,pacbio_data/00029/Analysis_Results,29,5149858,1089,4496,4240,4685,6699153,10567,2114,4483,4733,5043590,1073,12416,1905,4413,6263955,2222,339
30,Deep Vent (exo-),DNA-1,2.868,2330.0,pacbio_data/00030/Analysis_Results,30,3391614,769,3064,2825,2430,3330238,6082,1162,3252,2911,3347673,676,5872,928,2294,3203222,1707,207
31,Deep Vent (exo-),DNA-2,3.731,2226.0,pacbio_data/00031/Analysis_Results,31,5992606,1155,5041,4731,4170,6018091,9464,1747,5138,4930,5903958,1004,9736,1529,4011,5732487,2407,479
32,Taq,DNA-1,3.297,5462.5,pacbio_data/00032/Analysis_Results,32,5819199,6886,14225,12781,13589,5690329,8294,12461,14407,13072,5573749,6754,8440,13400,13508,5139347,1160,123
33,Taq,DNA-2,3.731,4820.0,pacbio_data/00033/Analysis_Results,33,3025794,7151,7538,9043,3654,3068787,7637,6386,7441,10371,3016882,6251,7860,7118,3649,2602483,617,60
34,pWB407,pWB407_BsaAI_SspI,,,pacbio_data/00034/Analysis_Results,34,4015094,0,0,0,0,4559428,3,0,0,0,3900264,3,1,1,1,4287594,39,77
35,pWB407,pWB407_BsaAI_SspI,,,pacbio_data/00035/Analysis_Results,34,3680463,0,0,0,0,4181246,4,0,0,0,3663071,0,0,0,0,4100828,48,3
36,pWB407,pWB407_BsaAI_SspI,,,pacbio_data/00036/Analysis_Results,34,996458,0,0,0,0,1117780,0,0,0,0,977976,0,0,0,0,1058052,5,2
37,pWB407,pWB407_BsaAI_SspI,,,pacbio_data/00037/Analysis_Results,34,1737656,0,1,0,0,1983969,2,0,0,0,1713585,0,2,0,0,1904301,11,4
38,pWB407,pWB407_BsaAI_SspI,,,pacbio_data/00038/Analysis_Results,38,2016243,0,0,1,0,2246118,0,0,0,1,1962284,0,0,0,0,2131996,26,4
39,pWB407,pWB407_BsaAI_SspI,,,pacbio_data/00039/Analysis_Results,38,1427982,0,0,0,0,1562636,0,0,0,0,1377601,0,0,0,0,1488232,21,0
40,pWB407,pWB407_BsaAI_SspI,,,pacbio_data/00040/Analysis_Results,38,2211195,0,0,0,0,2487627,0,0,0,0,2208314,0,0,0,0,2481671,12,3
41,pWB407,pWB407_BsaAI_SspI,,,pacbio_data/00041/Analysis_Results,38,1783830,0,0,0,0,2034796,0,0,0,0,1779612,0,0,0,1,1998215,12,12
42,pWB407,pWB407_BsaAI_SspI,,,pacbio_data/00042/Analysis_Results,42,4913241,0,0,9,0,5569463,449,0,0,1,4836005,13,1,0,1,5372438,80,303
43,pWB407,pWB407_BsaAI_SspI,,,pacbio_data/00043/Analysis_Results,42,4463228,0,0,9,0,5047250,424,0,0,1,4402480,0,0,0,0,4937281,44,24
44,pWB407,pWB407_BsaAI_SspI,,,pacbio_data/00044/Analysis_Results,42,3280645,0,0,2,0,3732244,298,0,0,0,3182072,0,0,0,0,3414707,20,8
45,pWB407,pWB407_BsaAI_SspI,,,pacbio_data/00045/Analysis_Results,42,3302810,1,0,5,0,3746588,300,0,0,0,3202928,1,0,0,0,3511385,25,12
46,pWB407,pWB407_BsaAI_SspI,,,pacbio_data/00046/Analysis_Results,46,1187847,0,0,0,1,1299240,0,0,0,0,1150519,0,0,0,1,1246344,18,5
47,pWB407,pWB407_BsaAI_SspI,,,pacbio_data/00047/Analysis_Results,46,1657534,0,0,1,0,1819367,4,0,0,0,1610275,0,0,0,0,1733761,19,7
48,pWB407,pWB407_BsaAI_SspI,,,pacbio_data/00048/Analysis_Results,46,3054607,0,1,1,0,3509453,5,0,0,0,2961424,0,0,0,0,3183959,23,10
49,pWB407,pWB407_BsaAI_SspI,,,pacbio_data/00049/Analysis_Results,46,2595295,0,0,3,0,2961938,1,0,0,1,2519477,0,0,1,0,2787036,24,7
